{"constraints": [[1, 4, 0.6068248260773409], [3, 4, 0.9633293755232919], [0, 1, 0.9422948508330122], [0, 4, 0.21986219013133967], [1, 2, 0.576990572262475], [2, 3, 0.38458066917539147], [1, 3, 0.8035041192252537], [2, 4, 0.2858497928613155], [0, 2, 0.24968572343949114], [0, 3, 0.0032960423849791587]], "n_vertices": 5, "edges": [[0, 1], [0, 2], [0, 3], [0, 4], [1, 2], [1, 3], [1, 4], [2, 3], [2, 4], [3, 4]]}