{"constraints": [[1, 4, 0.9709048738698539], [0, 6, 0.35305175442582404], [11, 15, 0.026467032870956753], [6, 11, 0.1957803296181737], [10, 11, 0.10386245437460373], [3, 8, 0.10739684724815979], [5, 8, 0.10905555981550918], [7, 11, 0.01455062623966219], [1, 12, 0.073644388331645], [1, 10, 0.14032799348474545], [10, 19, 0.9194593147841308], [8, 18, 0.6298860617306955], [9, 14, 0.960930052527005], [6, 18, 0.7613636347507615], [6, 9, 0.7176403244338168], [6, 7, 0.9857336655541693], [1, 13, 0.1935334766392769], [16, 18, 0.49884131738413173], [4, 13, 0.25540534746071053], [1, 18, 0.9486893821232694], [4, 8, 0.4904316353559266], [1, 16, 0.3449906294316757], [5, 9, 0.4236623947742121], [3, 11, 0.15800273828716727], [4, 11, 0.28265588665537], [15, 18, 0.7949654855696301], [0, 11, 0.0935294165666859], [5, 6, 0.5435808680110646], [5, 17, 0.690093394294898], [1, 8, 0.6174992952197064], [11, 17, 0.4650180648923604], [8, 17, 0.7744765018317716], [4, 10, 0.3900976609826464], [14, 15, 0.39427036489155143], [8, 16, 0.23902665887858177], [7, 10, 0.0004920178114270479], [6, 19, 0.04545900532941327], [13, 15, 0.40828281545626477], [8, 14, 0.24101051880114843], [14, 19, 0.9235181617907927], [0, 2, 0.7535624399676306], [10, 18, 0.6882698544563942], [2, 5, 0.9368918119452613], [12, 16, 0.3232696614844044], [5, 14, 0.6649480206379583], [7, 9, 0.8824160847804424], [6, 8, 0.24733192150250605], [4, 14, 0.9039636069825551], [6, 14, 0.6078785232634218], [11, 13, 0.8469900549591105], [5, 15, 0.32209364197597956], [3, 10, 0.39151941678617563], [8, 19, 0.9826611923111194], [7, 12, 0.46985685442366554], [14, 17, 0.2944751044416548], [5, 16, 0.8910262774203663], [11, 18, 0.2872589845305433], [7, 13, 0.385005937335159], [0, 4, 0.2990468689105106], [13, 19, 0.29804542560361225], [6, 10, 0.7195421988449038], [3, 19, 0.32799833884651786], [4, 7, 0.3535416188544408], [0, 13, 0.634355272634388], [1, 17, 0.5640071463365677], [4, 5, 0.652390289575533], [3, 4, 0.7237646840075799], [2, 17, 0.8504402866983998], [7, 14, 0.26036982720569657], [1, 2, 0.45360735365656424]], "n_vertices": 20, "edges": [[0, 1], [0, 2], [0, 3], [0, 4], [0, 5], [0, 6], [0, 7], [0, 8], [0, 9], [0, 10], [0, 11], [0, 12], [0, 13], [0, 14], [0, 15], [0, 16], [0, 17], [0, 18], [0, 19], [1, 2], [1, 3], [1, 4], [1, 5], [1, 6], [1, 7], [1, 8], [1, 9], [1, 10], [1, 11], [1, 12], [1, 13], [1, 14], [1, 15], [1, 16], [1, 17], [1, 18], [1, 19], [2, 3], [2, 4], [2, 5], [2, 6], [2, 7], [2, 8], [2, 9], [2, 10], [2, 11], [2, 12], [2, 13], [2, 14], [2, 15], [2, 16], [2, 17], [2, 18], [2, 19], [3, 4], [3, 5], [3, 6], [3, 7], [3, 8], [3, 9], [3, 10], [3, 11], [3, 12], [3, 13], [3, 14], [3, 15], [3, 16], [3, 17], [3, 18], [3, 19], [4, 5], [4, 6], [4, 7], [4, 8], [4, 9], [4, 10], [4, 11], [4, 12], [4, 13], [4, 14], [4, 15], [4, 16], [4, 17], [4, 18], [4, 19], [5, 6], [5, 7], [5, 8], [5, 9], [5, 10], [5, 11], [5, 12], [5, 13], [5, 14], [5, 15], [5, 16], [5, 17], [5, 18], [5, 19], [6, 7], [6, 8], [6, 9], [6, 10], [6, 11], [6, 12], [6, 13], [6, 14], [6, 15], [6, 16], [6, 17], [6, 18], [6, 19], [7, 8], [7, 9], [7, 10], [7, 11], [7, 12], [7, 13], [7, 14], [7, 15], [7, 16], [7, 17], [7, 18], [7, 19], [8, 9], [8, 10], [8, 11], [8, 12], [8, 13], [8, 14], [8, 15], [8, 16], [8, 17], [8, 18], [8, 19], [9, 10], [9, 11], [9, 12], [9, 13], [9, 14], [9, 15], [9, 16], [9, 17], [9, 18], [9, 19], [10, 11], [10, 12], [10, 13], [10, 14], [10, 15], [10, 16], [10, 17], [10, 18], [10, 19], [11, 12], [11, 13], [11, 14], [11, 15], [11, 16], [11, 17], [11, 18], [11, 19], [12, 13], [12, 14], [12, 15], [12, 16], [12, 17], [12, 18], [12, 19], [13, 14], [13, 15], [13, 16], [13, 17], [13, 18], [13, 19], [14, 15], [14, 16], [14, 17], [14, 18], [14, 19], [15, 16], [15, 17], [15, 18], [15, 19], [16, 17], [16, 18], [16, 19], [17, 18], [17, 19], [18, 19]]}