{"constraints": [[6, 9, 0.2515515816769921], [2, 8, 0.729966919064127], [0, 9, 0.9853734951478212], [5, 7, 0.5513673842534818], [7, 9, 0.7961452169941124], [1, 4, 0.8851238806844541], [0, 6, 0.22297062286855274], [3, 4, 0.8872420915983387], [1, 9, 0.8945871078496478], [2, 6, 0.08410025830761392], [3, 5, 0.29629141956327454], [0, 1, 0.6273515618949356], [1, 2, 0.19670373598654478], [5, 9, 0.8497704889046149], [4, 6, 0.07201586046525965], [2, 5, 0.07973089808964784], [3, 6, 0.09528642416438082], [3, 8, 0.8254873360221981], [3, 7, 0.33109245453369407], [0, 2, 0.4272786142197649], [2, 3, 0.5979157452976126], [6, 7, 0.3351609288392464], [0, 3, 0.29711271611057233], [4, 8, 0.5938403341996823], [3, 9, 0.1580410533432467], [5, 6, 0.7562934496026497], [1, 6, 0.0610875152953384], [4, 5, 0.6036511512382634], [8, 9, 0.7913818565217361], [2, 9, 0.6978598779287458], [4, 7, 0.33463012569821493], [2, 7, 0.18467292048607087], [0, 4, 0.02169856511615398], [6, 8, 0.42489738954062806], [0, 5, 0.8732517631145831]], "n_vertices": 10, "edges": [[0, 1], [0, 2], [0, 3], [0, 4], [0, 5], [0, 6], [0, 7], [0, 8], [0, 9], [1, 2], [1, 3], [1, 4], [1, 5], [1, 6], [1, 7], [1, 8], [1, 9], [2, 3], [2, 4], [2, 5], [2, 6], [2, 7], [2, 8], [2, 9], [3, 4], [3, 5], [3, 6], [3, 7], [3, 8], [3, 9], [4, 5], [4, 6], [4, 7], [4, 8], [4, 9], [5, 6], [5, 7], [5, 8], [5, 9], [6, 7], [6, 8], [6, 9], [7, 8], [7, 9], [8, 9]]}