{"constraints": [[1, 3, 0.875768902238554], [2, 4, 0.6377308161001058], [0, 2, 0.4333441921751714], [0, 3, 0.28254468588482806], [2, 3, 0.7487078971302045], [0, 4, 0.3930707046252603], [0, 1, 0.7403682119561286], [1, 4, 0.32367396142025195], [3, 4, 0.001087614647733992], [1, 2, 0.9394668696823606]], "n_vertices": 5, "edges": [[0, 1], [0, 4], [1, 2], [2, 3], [3, 4]]}