{"constraints": [[3, 9, 0.6245916719005212], [3, 8, 0.4118998667679993], [4, 9, 0.7596288872886164], [7, 9, 0.6870289603979611], [3, 5, 0.15035845660953995], [0, 2, 0.38364910522975315], [2, 3, 0.3316322651658761], [0, 3, 0.35491567574832594], [3, 7, 0.2500514412266275], [0, 9, 0.7702080510787863], [5, 8, 0.23796053599052525], [4, 5, 0.21746054071338206], [1, 5, 0.19838365962621096], [0, 5, 0.5466272824600079], [0, 6, 0.6289653135620644], [1, 8, 0.44482383566587114], [7, 8, 0.5730202510705968], [0, 8, 0.7755128454296434], [2, 8, 0.2028583496343609], [4, 7, 0.8498979520225789], [4, 8, 0.4352714051652241], [3, 6, 0.9046199754065655], [1, 9, 0.45829342198618217], [5, 6, 0.077600481110917], [6, 7, 0.34341973210017773], [6, 8, 0.22747735265483604], [1, 4, 0.46297145031085074], [4, 6, 0.564858067087369], [5, 9, 0.47574747504258685], [1, 6, 0.9692444941449939], [0, 1, 0.6104380397929748], [2, 4, 0.5315593752435961], [8, 9, 0.9489757952599259], [3, 4, 0.1867706405406997], [2, 5, 0.6719986876819523]], "n_vertices": 10, "edges": [[0, 1], [0, 9], [1, 2], [2, 3], [3, 4], [4, 5], [5, 6], [6, 7], [7, 8], [8, 9]]}