{"constraints": [[1, 15, 0.5899115697405155], [3, 4, 0.9817947966726547], [13, 16, 0.9336329524309314], [1, 16, 0.9196583456116745], [0, 17, 0.40779125806464767], [1, 11, 0.9188859929720999], [9, 18, 0.2289000204795565], [1, 2, 0.27305224254885285], [8, 19, 0.20919245476971093], [9, 13, 0.5143515512196036], [1, 7, 0.1316285171878625], [11, 19, 0.9842256698643987], [5, 7, 0.05309761450768047], [10, 15, 0.13113869212278406], [11, 15, 0.5825515951837008], [1, 10, 0.13147883665547677], [6, 13, 0.4891919914526872], [1, 5, 0.9514789232684592], [6, 16, 0.5718342920293085], [4, 15, 0.0781386358376921], [4, 8, 0.5117122111673188], [3, 15, 0.8376604527325126], [2, 6, 0.05781014402161355], [0, 13, 0.9949811232396906], [8, 14, 0.7970552479524392], [4, 19, 0.19297729177974465], [1, 17, 0.8578437094541626], [2, 10, 0.3934155367383467], [0, 11, 0.4961282915966909], [10, 13, 0.5649296235271166], [8, 16, 0.5517287155192381], [2, 7, 0.08632534927010005], [10, 16, 0.8002558758864301], [16, 18, 0.28298746038468336], [9, 17, 0.5664619233499345], [5, 6, 0.21269655205384896], [5, 13, 0.8702599585378663], [4, 16, 0.6903942571728771], [6, 8, 0.40631737306910987], [15, 17, 0.8383063575934027], [11, 18, 0.6859119286802366], [17, 19, 0.9136841798392971], [8, 15, 0.3292811431367393], [11, 14, 0.19161755427041693], [13, 18, 0.17401937579860183], [1, 6, 0.5962395551601503], [3, 7, 0.06565729468772308], [4, 7, 0.08124206772213749], [1, 8, 0.21835627980409378], [10, 19, 0.23584849228442073], [0, 18, 0.7619991532457031], [9, 11, 0.08278825747936491], [7, 9, 0.20003970917314218], [5, 11, 0.2886864355432762], [6, 12, 0.6919285980400308], [1, 12, 0.1746582871902278], [4, 17, 0.5210759835438786], [9, 12, 0.04168179136448591], [6, 15, 0.1987097081803193], [3, 11, 0.5016168901596926], [6, 7, 0.35113912581368056], [16, 19, 0.5894103996222954], [2, 17, 0.1842454405436288], [7, 11, 0.14825762600647185], [7, 8, 0.6018387035333898], [14, 16, 0.09478103520307801], [2, 5, 0.11075798223657696], [10, 14, 0.22101072731413496], [14, 17, 0.37434448648776864], [0, 3, 0.6274046049181924]], "n_vertices": 20, "edges": [[0, 1], [0, 19], [1, 2], [2, 3], [3, 4], [4, 5], [5, 6], [6, 7], [7, 8], [8, 9], [9, 10], [10, 11], [11, 12], [12, 13], [13, 14], [14, 15], [15, 16], [16, 17], [17, 18], [18, 19]]}